{"root":[{"assemblyName":"Unity.InputSystem","nameSpace":"UnityEngine.InputSystem","className":"InputSystem","methodName":"RunInitializeInPlayer","loadTypes":4,"isUnityClass":true},{"assemblyName":"Unity.InputSystem","nameSpace":"UnityEngine.InputSystem","className":"InputSystem","methodName":"RunInitialUpdate","loadTypes":1,"isUnityClass":true},{"assemblyName":"Oculus.VR","nameSpace":"","className":"OVRSpatialAnchor","methodName":"InitializeOnLoad","loadTypes":4,"isUnityClass":false},{"assemblyName":"Unity.XR.Management","nameSpace":"UnityEngine.XR.Management","className":"XRGeneralSettings","methodName":"AttemptInitializeXRSDKOnLoad","loadTypes":2,"isUnityClass":true},{"assemblyName":"Unity.XR.Management","nameSpace":"UnityEngine.XR.Management","className":"XRGeneralSettings","methodName":"AttemptStartXRSDKOnBeforeSplashScreen","loadTypes":3,"isUnityClass":true},{"assemblyName":"Unity.RenderPipelines.Universal.Runtime","nameSpace":"UnityEngine.Rendering.Universal","className":"XRSystem","methodName":"XRSystemInit","loadTypes":3,"isUnityClass":true},{"assemblyName":"Oculus.Spatializer","nameSpace":"","className":"ONSPAudioSource","methodName":"OnBeforeSceneLoadRuntimeMethod","loadTypes":1,"isUnityClass":false},{"assemblyName":"Unity.XR.Interaction.Toolkit","nameSpace":"UnityEngine.XR.Interaction.Toolkit.Inputs.Simulation","className":"SimulatedInputLayoutLoader","methodName":"Initialize","loadTypes":1,"isUnityClass":true},{"assemblyName":"Unity.XR.Interaction.Toolkit","nameSpace":"UnityEngine.XR.Interaction.Toolkit.Inputs.Simulation","className":"XRDeviceSimulatorLoader","methodName":"Initialize","loadTypes":0,"isUnityClass":true},{"assemblyName":"Unity.XR.Interaction.Toolkit","nameSpace":"UnityEngine.XR.Interaction.Toolkit.Inputs.Interactions","className":"SectorInteraction","methodName":"Initialize","loadTypes":1,"isUnityClass":true},{"assemblyName":"Unity.XR.Interaction.Toolkit","nameSpace":"UnityEngine.XR.Interaction.Toolkit.Inputs.Composites","className":"Vector3FallbackComposite","methodName":"Initialize","loadTypes":1,"isUnityClass":true},{"assemblyName":"Unity.XR.Interaction.Toolkit","nameSpace":"UnityEngine.XR.Interaction.Toolkit.Inputs.Composites","className":"QuaternionFallbackComposite","methodName":"Initialize","loadTypes":1,"isUnityClass":true},{"assemblyName":"Unity.XR.Interaction.Toolkit","nameSpace":"UnityEngine.XR.Interaction.Toolkit.Inputs.Composites","className":"IntegerFallbackComposite","methodName":"Initialize","loadTypes":1,"isUnityClass":true},{"assemblyName":"Unity.RenderPipelines.Core.Runtime","nameSpace":"UnityEngine.Rendering","className":"DebugUpdater","methodName":"RuntimeInit","loadTypes":0,"isUnityClass":true},{"assemblyName":"PhotonRealtime","nameSpace":"Photon.Realtime","className":"ConnectionHandler","methodName":"StaticReset","loadTypes":4,"isUnityClass":false},{"assemblyName":"Unity.VisualScripting.Core","nameSpace":"Unity.VisualScripting","className":"RuntimeVSUsageUtility","methodName":"RuntimeInitializeOnLoadBeforeSceneLoad","loadTypes":1,"isUnityClass":true},{"assemblyName":"Unity.XR.Hands","nameSpace":"UnityEngine.XR.Hands","className":"MetaAimHand","methodName":"RegisterLayout","loadTypes":4,"isUnityClass":true},{"assemblyName":"Unity.XR.Hands","nameSpace":"UnityEngine.XR.Hands","className":"XRHandDevice","methodName":"Initialize","loadTypes":4,"isUnityClass":true},{"assemblyName":"Unity.XR.Hands","nameSpace":"UnityEngine.XR.Hands.OpenXR","className":"OpenXRHandProvider","methodName":"Register","loadTypes":4,"isUnityClass":true},{"assemblyName":"Unity.XR.Oculus","nameSpace":"Unity.XR.Oculus","className":"OculusLoader","methodName":"RuntimeLoadOVRPlugin","loadTypes":2,"isUnityClass":true}]}
